timestamp_utc,run_id,trajectory,repetition,phase,elapsed_run_s,elapsed_phase_s,target_path_length_m,target_curvature_per_m,target_linear_speed_mps,target_left_speed_mps,target_right_speed_mps,normalized_left,normalized_right,dac_left,dac_right,delta_ticks_left,delta_ticks_right,dt_ms,left_distance_m,right_distance_m,left_speed_mps,right_speed_mps,body_linear_speed_mps,body_angular_speed_rps,odom_x_m,odom_y_m,odom_yaw_rad,odom_path_length_m,desired_x_m,desired_y_m,desired_yaw_rad
2026-08-07T01:19:36.120173+00:00,STRAIGHT_R01,straight,1,pre_stop,0.115086751,0.111625234,1.500000000,0.000000000,0.250000000,0.250000000,0.250000000,0.000000000,0.000000000,0,0,0,0,50,0.000000000,0.000000000,0.000000000,0.000000000,0.000000000,0.000000000,0.000000000,0.000000000,0.000000000,0.000000000,0.000000000,0.000000000,0.000000000
2026-08-07T01:19:36.123140+00:00,STRAIGHT_R01,straight,1,pre_stop,0.115086751,0.111625234,1.500000000,0.000000000,0.250000000,0.250000000,0.250000000,0.000000000,0.000000000,0,0,0,0,50,0.000000000,0.000000000,0.000000000,0.000000000,0.000000000,0.000000000,0.000000000,0.000000000,0.000000000,0.000000000,0.000000000,0.000000000,0.000000000
2026-08-07T01:19:36.132061+00:00,STRAIGHT_R01,straight,1,pre_stop,0.128747192,0.125285675,1.500000000,0.000000000,0.250000000,0.250000000,0.250000000,0.000000000,0.000000000,0,0,0,0,50,0.000000000,0.000000000,0.000000000,0.000000000,0.000000000,0.000000000,0.000000000,0.000000000,0.000000000,0.000000000,0.000000000,0.000000000,0.000000000
2026-08-07T01:19:36.182949+00:00,STRAIGHT_R01,straight,1,pre_stop,0.179796029,0.176334512,1.500000000,0.000000000,0.250000000,0.250000000,0.250000000,0.000000000,0.000000000,0,0,0,0,50,0.000000000,0.000000000,0.000000000,0.000000000,0.000000000,0.000000000,0.000000000,0.000000000,0.000000000,0.000000000,0.000000000,0.000000000,0.000000000
2026-08-07T01:19:36.235404+00:00,STRAIGHT_R01,straight,1,pre_stop,0.232126399,0.228664882,1.500000000,0.000000000,0.250000000,0.250000000,0.250000000,0.000000000,0.000000000,0,0,0,0,50,0.000000000,0.000000000,0.000000000,0.000000000,0.000000000,0.000000000,0.000000000,0.000000000,0.000000000,0.000000000,0.000000000,0.000000000,0.000000000
2026-08-07T01:19:36.282201+00:00,STRAIGHT_R01,straight,1,pre_stop,0.278883185,0.275421668,1.500000000,0.000000000,0.250000000,0.250000000,0.250000000,0.000000000,0.000000000,0,0,0,0,50,0.000000000,0.000000000,0.000000000,0.000000000,0.000000000,0.000000000,0.000000000,0.000000000,0.000000000,0.000000000,0.000000000,0.000000000,0.000000000
2026-08-07T01:19:36.334732+00:00,STRAIGHT_R01,straight,1,pre_stop,0.331964245,0.328502728,1.500000000,0.000000000,0.250000000,0.250000000,0.250000000,0.000000000,0.000000000,0,0,0,0,50,0.000000000,0.000000000,0.000000000,0.000000000,0.000000000,0.000000000,0.000000000,0.000000000,0.000000000,0.000000000,0.000000000,0.000000000,0.000000000
2026-08-07T01:19:36.385131+00:00,STRAIGHT_R01,straight,1,pre_stop,0.381463369,0.378001852,1.500000000,0.000000000,0.250000000,0.250000000,0.250000000,0.000000000,0.000000000,0,0,0,0,50,0.000000000,0.000000000,0.000000000,0.000000000,0.000000000,0.000000000,0.000000000,0.000000000,0.000000000,0.000000000,0.000000000,0.000000000,0.000000000
2026-08-07T01:19:36.431559+00:00,STRAIGHT_R01,straight,1,pre_stop,0.425991106,0.422529589,1.500000000,0.000000000,0.250000000,0.250000000,0.250000000,0.000000000,0.000000000,0,0,0,0,50,0.000000000,0.000000000,0.000000000,0.000000000,0.000000000,0.000000000,0.000000000,0.000000000,0.000000000,0.000000000,0.000000000,0.000000000,0.000000000
2026-08-07T01:19:36.483351+00:00,STRAIGHT_R01,straight,1,pre_stop,0.477616100,0.474154583,1.500000000,0.000000000,0.250000000,0.250000000,0.250000000,0.000000000,0.000000000,0,0,0,0,50,0.000000000,0.000000000,0.000000000,0.000000000,0.000000000,0.000000000,0.000000000,0.000000000,0.000000000,0.000000000,0.000000000,0.000000000,0.000000000
2026-08-07T01:19:36.533375+00:00,STRAIGHT_R01,straight,1,pre_stop,0.529723497,0.526261980,1.500000000,0.000000000,0.250000000,0.250000000,0.250000000,0.000000000,0.000000000,0,0,0,0,50,0.000000000,0.000000000,0.000000000,0.000000000,0.000000000,0.000000000,0.000000000,0.000000000,0.000000000,0.000000000,0.000000000,0.000000000,0.000000000
2026-08-07T01:19:36.581971+00:00,STRAIGHT_R01,straight,1,pre_stop,0.578652090,0.575190573,1.500000000,0.000000000,0.250000000,0.250000000,0.250000000,0.000000000,0.000000000,0,0,0,0,50,0.000000000,0.000000000,0.000000000,0.000000000,0.000000000,0.000000000,0.000000000,0.000000000,0.000000000,0.000000000,0.000000000,0.000000000,0.000000000
2026-08-07T01:19:36.633611+00:00,STRAIGHT_R01,straight,1,pre_stop,0.629951610,0.626490093,1.500000000,0.000000000,0.250000000,0.250000000,0.250000000,0.000000000,0.000000000,0,0,0,0,50,0.000000000,0.000000000,0.000000000,0.000000000,0.000000000,0.000000000,0.000000000,0.000000000,0.000000000,0.000000000,0.000000000,0.000000000,0.000000000
2026-08-07T01:19:36.685758+00:00,STRAIGHT_R01,straight,1,pre_stop,0.682112446,0.678650929,1.500000000,0.000000000,0.250000000,0.250000000,0.250000000,0.000000000,0.000000000,0,0,0,0,50,0.000000000,0.000000000,0.000000000,0.000000000,0.000000000,0.000000000,0.000000000,0.000000000,0.000000000,0.000000000,0.000000000,0.000000000,0.000000000
2026-08-07T01:19:36.733701+00:00,STRAIGHT_R01,straight,1,pre_stop,0.730396445,0.726934928,1.500000000,0.000000000,0.250000000,0.250000000,0.250000000,0.000000000,0.000000000,0,0,0,0,50,0.000000000,0.000000000,0.000000000,0.000000000,0.000000000,0.000000000,0.000000000,0.000000000,0.000000000,0.000000000,0.000000000,0.000000000,0.000000000
2026-08-07T01:19:36.785687+00:00,STRAIGHT_R01,straight,1,pre_stop,0.782022740,0.778561223,1.500000000,0.000000000,0.250000000,0.250000000,0.250000000,0.000000000,0.000000000,0,0,0,0,50,0.000000000,0.000000000,0.000000000,0.000000000,0.000000000,0.000000000,0.000000000,0.000000000,0.000000000,0.000000000,0.000000000,0.000000000,0.000000000
2026-08-07T01:19:36.837012+00:00,STRAIGHT_R01,straight,1,pre_stop,0.833284707,0.829823190,1.500000000,0.000000000,0.250000000,0.250000000,0.250000000,0.000000000,0.000000000,0,0,0,0,50,0.000000000,0.000000000,0.000000000,0.000000000,0.000000000,0.000000000,0.000000000,0.000000000,0.000000000,0.000000000,0.000000000,0.000000000,0.000000000
2026-08-07T01:19:36.883187+00:00,STRAIGHT_R01,straight,1,pre_stop,0.880031023,0.876569506,1.500000000,0.000000000,0.250000000,0.250000000,0.250000000,0.000000000,0.000000000,0,0,0,0,50,0.000000000,0.000000000,0.000000000,0.000000000,0.000000000,0.000000000,0.000000000,0.000000000,0.000000000,0.000000000,0.000000000,0.000000000,0.000000000
2026-08-07T01:19:36.935378+00:00,STRAIGHT_R01,straight,1,pre_stop,0.932084878,0.928623361,1.500000000,0.000000000,0.250000000,0.250000000,0.250000000,0.000000000,0.000000000,0,0,0,0,50,0.000000000,0.000000000,0.000000000,0.000000000,0.000000000,0.000000000,0.000000000,0.000000000,0.000000000,0.000000000,0.000000000,0.000000000,0.000000000
2026-08-07T01:19:36.981957+00:00,STRAIGHT_R01,straight,1,pre_stop,0.978610306,0.975148789,1.500000000,0.000000000,0.250000000,0.250000000,0.250000000,0.000000000,0.000000000,0,0,0,0,50,0.000000000,0.000000000,0.000000000,0.000000000,0.000000000,0.000000000,0.000000000,0.000000000,0.000000000,0.000000000,0.000000000,0.000000000,0.000000000
2026-08-07T01:19:37.033542+00:00,STRAIGHT_R01,straight,1,pre_stop,1.030062953,1.026601436,1.500000000,0.000000000,0.250000000,0.250000000,0.250000000,0.000000000,0.000000000,0,0,0,0,50,0.000000000,0.000000000,0.000000000,0.000000000,0.000000000,0.000000000,0.000000000,0.000000000,0.000000000,0.000000000,0.000000000,0.000000000,0.000000000
2026-08-07T01:19:37.085957+00:00,STRAIGHT_R01,straight,1,pre_stop,1.082705933,1.079244416,1.500000000,0.000000000,0.250000000,0.250000000,0.250000000,0.000000000,0.000000000,0,0,0,0,50,0.000000000,0.000000000,0.000000000,0.000000000,0.000000000,0.000000000,0.000000000,0.000000000,0.000000000,0.000000000,0.000000000,0.000000000,0.000000000
2026-08-07T01:19:37.131715+00:00,STRAIGHT_R01,straight,1,pre_stop,1.128558954,1.125097437,1.500000000,0.000000000,0.250000000,0.250000000,0.250000000,0.000000000,0.000000000,0,0,0,0,50,0.000000000,0.000000000,0.000000000,0.000000000,0.000000000,0.000000000,0.000000000,0.000000000,0.000000000,0.000000000,0.000000000,0.000000000,0.000000000
2026-08-07T01:19:37.186557+00:00,STRAIGHT_R01,straight,1,pre_stop,1.181871633,1.178410116,1.500000000,0.000000000,0.250000000,0.250000000,0.250000000,0.000000000,0.000000000,0,0,0,0,50,0.000000000,0.000000000,0.000000000,0.000000000,0.000000000,0.000000000,0.000000000,0.000000000,0.000000000,0.000000000,0.000000000,0.000000000,0.000000000
2026-08-07T01:19:37.233073+00:00,STRAIGHT_R01,straight,1,pre_stop,1.229257336,1.225795819,1.500000000,0.000000000,0.250000000,0.250000000,0.250000000,0.000000000,0.000000000,0,0,0,0,50,0.000000000,0.000000000,0.000000000,0.000000000,0.000000000,0.000000000,0.000000000,0.000000000,0.000000000,0.000000000,0.000000000,0.000000000,0.000000000
2026-08-07T01:19:37.285647+00:00,STRAIGHT_R01,straight,1,pre_stop,1.282003027,1.278541510,1.500000000,0.000000000,0.250000000,0.250000000,0.250000000,0.000000000,0.000000000,0,0,0,0,50,0.000000000,0.000000000,0.000000000,0.000000000,0.000000000,0.000000000,0.000000000,0.000000000,0.000000000,0.000000000,0.000000000,0.000000000,0.000000000
2026-08-07T01:19:37.334270+00:00,STRAIGHT_R01,straight,1,pre_stop,1.331726842,1.328265325,1.500000000,0.000000000,0.250000000,0.250000000,0.250000000,0.000000000,0.000000000,0,0,0,0,50,0.000000000,0.000000000,0.000000000,0.000000000,0.000000000,0.000000000,0.000000000,0.000000000,0.000000000,0.000000000,0.000000000,0.000000000,0.000000000
2026-08-07T01:19:37.384249+00:00,STRAIGHT_R01,straight,1,pre_stop,1.380906743,1.377445226,1.500000000,0.000000000,0.250000000,0.250000000,0.250000000,0.000000000,0.000000000,0,0,0,0,50,0.000000000,0.000000000,0.000000000,0.000000000,0.000000000,0.000000000,0.000000000,0.000000000,0.000000000,0.000000000,0.000000000,0.000000000,0.000000000
2026-08-07T01:19:37.436049+00:00,STRAIGHT_R01,straight,1,pre_stop,1.432759397,1.429297880,1.500000000,0.000000000,0.250000000,0.250000000,0.250000000,0.000000000,0.000000000,0,0,0,0,50,0.000000000,0.000000000,0.000000000,0.000000000,0.000000000,0.000000000,0.000000000,0.000000000,0.000000000,0.000000000,0.000000000,0.000000000,0.000000000
2026-08-07T01:19:37.482663+00:00,STRAIGHT_R01,straight,1,pre_stop,1.477045620,1.473584103,1.500000000,0.000000000,0.250000000,0.250000000,0.250000000,0.000000000,0.000000000,0,0,0,0,50,0.000000000,0.000000000,0.000000000,0.000000000,0.000000000,0.000000000,0.000000000,0.000000000,0.000000000,0.000000000,0.000000000,0.000000000,0.000000000
2026-08-07T01:19:37.534272+00:00,STRAIGHT_R01,straight,1,pre_stop,1.529101091,1.525639574,1.500000000,0.000000000,0.250000000,0.250000000,0.250000000,0.000000000,0.000000000,0,0,0,0,50,0.000000000,0.000000000,0.000000000,0.000000000,0.000000000,0.000000000,0.000000000,0.000000000,0.000000000,0.000000000,0.000000000,0.000000000,0.000000000
2026-08-07T01:19:37.587261+00:00,STRAIGHT_R01,straight,1,pre_stop,1.581871313,1.578409796,1.500000000,0.000000000,0.250000000,0.250000000,0.250000000,0.000000000,0.000000000,0,0,0,0,50,0.000000000,0.000000000,0.000000000,0.000000000,0.000000000,0.000000000,0.000000000,0.000000000,0.000000000,0.000000000,0.000000000,0.000000000,0.000000000
2026-08-07T01:19:37.639502+00:00,STRAIGHT_R01,straight,1,pre_stop,1.633853813,1.630392296,1.500000000,0.000000000,0.250000000,0.250000000,0.250000000,0.000000000,0.000000000,0,0,0,0,50,0.000000000,0.000000000,0.000000000,0.000000000,0.000000000,0.000000000,0.000000000,0.000000000,0.000000000,0.000000000,0.000000000,0.000000000,0.000000000
2026-08-07T01:19:37.681932+00:00,STRAIGHT_R01,straight,1,pre_stop,1.678615669,1.675154152,1.500000000,0.000000000,0.250000000,0.250000000,0.250000000,0.000000000,0.000000000,0,0,0,0,50,0.000000000,0.000000000,0.000000000,0.000000000,0.000000000,0.000000000,0.000000000,0.000000000,0.000000000,0.000000000,0.000000000,0.000000000,0.000000000
2026-08-07T01:19:37.733374+00:00,STRAIGHT_R01,straight,1,pre_stop,1.729648622,1.726187105,1.500000000,0.000000000,0.250000000,0.250000000,0.250000000,0.000000000,0.000000000,0,0,0,0,50,0.000000000,0.000000000,0.000000000,0.000000000,0.000000000,0.000000000,0.000000000,0.000000000,0.000000000,0.000000000,0.000000000,0.000000000,0.000000000
2026-08-07T01:19:37.785389+00:00,STRAIGHT_R01,straight,1,pre_stop,1.781855241,1.778393724,1.500000000,0.000000000,0.250000000,0.250000000,0.250000000,0.000000000,0.000000000,0,0,0,0,50,0.000000000,0.000000000,0.000000000,0.000000000,0.000000000,0.000000000,0.000000000,0.000000000,0.000000000,0.000000000,0.000000000,0.000000000,0.000000000
2026-08-07T01:19:37.835820+00:00,STRAIGHT_R01,straight,1,pre_stop,1.832489541,1.829028024,1.500000000,0.000000000,0.250000000,0.250000000,0.250000000,0.000000000,0.000000000,0,0,0,0,50,0.000000000,0.000000000,0.000000000,0.000000000,0.000000000,0.000000000,0.000000000,0.000000000,0.000000000,0.000000000,0.000000000,0.000000000,0.000000000
2026-08-07T01:19:37.882269+00:00,STRAIGHT_R01,straight,1,pre_stop,1.878855904,1.875394387,1.500000000,0.000000000,0.250000000,0.250000000,0.250000000,0.000000000,0.000000000,0,0,0,0,50,0.000000000,0.000000000,0.000000000,0.000000000,0.000000000,0.000000000,0.000000000,0.000000000,0.000000000,0.000000000,0.000000000,0.000000000,0.000000000
2026-08-07T01:19:37.935726+00:00,STRAIGHT_R01,straight,1,pre_stop,1.932405931,1.928944414,1.500000000,0.000000000,0.250000000,0.250000000,0.250000000,0.000000000,0.000000000,0,0,0,0,50,0.000000000,0.000000000,0.000000000,0.000000000,0.000000000,0.000000000,0.000000000,0.000000000,0.000000000,0.000000000,0.000000000,0.000000000,0.000000000
2026-08-07T01:19:37.982024+00:00,STRAIGHT_R01,straight,1,pre_stop,1.978533227,1.975071710,1.500000000,0.000000000,0.250000000,0.250000000,0.250000000,0.000000000,0.000000000,0,0,0,0,50,0.000000000,0.000000000,0.000000000,0.000000000,0.000000000,0.000000000,0.000000000,0.000000000,0.000000000,0.000000000,0.000000000,0.000000000,0.000000000
2026-08-07T01:19:38.034847+00:00,STRAIGHT_R01,straight,1,command,2.031159437,0.022848254,1.500000000,0.000000000,0.250000000,0.250000000,0.250000000,0.099245466,0.099691348,25,25,0,0,50,0.000000000,0.000000000,0.000000000,0.000000000,0.000000000,0.000000000,0.000000000,0.000000000,0.000000000,0.000000000,0.000000000,0.000000000,0.000000000
2026-08-07T01:19:38.083044+00:00,STRAIGHT_R01,straight,1,command,2.079443802,0.071132619,1.500000000,0.000000000,0.250000000,0.250000000,0.250000000,0.099245466,0.099691348,25,25,1,0,50,0.005385587,0.000000000,0.107711748,0.000000000,0.053855874,-0.478718881,0.002692601,-0.000032227,-0.023935944,0.002692794,0.002692794,0.000000000,0.000000000
2026-08-07T01:19:38.134716+00:00,STRAIGHT_R01,straight,1,command,2.131046921,0.122735738,1.500000000,0.000000000,0.250000000,0.250000000,0.250000000,0.099245466,0.099691348,25,25,0,1,50,0.000000000,0.005385587,0.000000000,0.107711748,0.053855874,0.478718881,0.005385202,-0.000064453,0.000000000,0.005385587,0.005385587,0.000000000,0.000000000
2026-08-07T01:19:38.186440+00:00,STRAIGHT_R01,straight,1,command,2.183065048,0.174753865,1.500000000,0.000000000,0.250000000,0.250000000,0.250000000,0.099245466,0.099691348,25,25,1,1,50,0.005385587,0.005385587,0.107711748,0.107711748,0.107711748,0.000000000,0.010770789,-0.000064453,0.000000000,0.010771175,0.010771175,0.000000000,0.000000000
2026-08-07T01:19:38.233221+00:00,STRAIGHT_R01,straight,1,command,2.229315784,0.221004601,1.500000000,0.000000000,0.250000000,0.250000000,0.250000000,0.099245466,0.099691348,25,25,2,1,50,0.010771175,0.005385587,0.215423496,0.107711748,0.161567622,-0.478718881,0.018848592,-0.000161133,-0.023935944,0.018849556,0.018849556,0.000000000,0.000000000
2026-08-07T01:19:38.284753+00:00,STRAIGHT_R01,straight,1,command,2.280985103,0.272673920,1.500000000,0.000000000,0.250000000,0.250000000,0.250000000,0.099245466,0.099691348,25,25,1,2,50,0.005385587,0.010771175,0.107711748,0.215423496,0.161567622,0.478718881,0.026926394,-0.000257812,0.000000000,0.026927937,0.026927937,0.000000000,0.000000000
2026-08-07T01:19:38.334376+00:00,STRAIGHT_R01,straight,1,command,2.320379941,0.312068758,1.500000000,0.000000000,0.250000000,0.250000000,0.250000000,0.099245466,0.099691348,25,25,2,1,50,0.010771175,0.005385587,0.215423496,0.107711748,0.161567622,-0.478718881,0.035004197,-0.000354492,-0.023935944,0.035006318,0.035006318,0.000000000,0.000000000
2026-08-07T01:19:38.382987+00:00,STRAIGHT_R01,straight,1,command,2.370448816,0.362137633,1.500000000,0.000000000,0.250000000,0.250000000,0.250000000,0.099245466,0.099691348,25,25,2,2,50,0.010771175,0.010771175,0.215423496,0.215423496,0.215423496,0.000000000,0.045772286,-0.000612285,-0.023935944,0.045777493,0.045777493,0.000000000,0.000000000
2026-08-07T01:19:38.435975+00:00,STRAIGHT_R01,straight,1,command,2.432549250,0.424238067,1.500000000,0.000000000,0.250000000,0.250000000,0.250000000,0.099245466,0.099691348,25,25,1,2,50,0.005385587,0.010771175,0.107711748,0.215423496,0.161567622,0.478718881,0.053850089,-0.000708965,0.000000000,0.053855874,0.053855874,0.000000000,0.000000000
2026-08-07T01:19:38.490424+00:00,STRAIGHT_R01,straight,1,command,2.478532690,0.470221507,1.500000000,0.000000000,0.250000000,0.250000000,0.250000000,0.099245466,0.099691348,25,25,2,2,50,0.010771175,0.010771175,0.215423496,0.215423496,0.215423496,0.000000000,0.064621264,-0.000708965,0.000000000,0.064627049,0.064627049,0.000000000,0.000000000
2026-08-07T01:19:38.542584+00:00,STRAIGHT_R01,straight,1,command,2.530357740,0.522046557,1.500000000,0.000000000,0.250000000,0.250000000,0.250000000,0.099245466,0.099691348,25,25,2,2,50,0.010771175,0.010771175,0.215423496,0.215423496,0.215423496,0.000000000,0.075392438,-0.000708965,0.000000000,0.075398224,0.075398224,0.000000000,0.000000000
2026-08-07T01:19:38.594465+00:00,STRAIGHT_R01,straight,1,command,2.584064802,0.575753619,1.500000000,0.000000000,0.250000000,0.250000000,0.250000000,0.099245466,0.099691348,25,25,3,2,50,0.016156762,0.010771175,0.323135244,0.215423496,0.269279370,-0.478718881,0.088855443,-0.000870097,-0.023935944,0.088862192,0.088862192,0.000000000,0.000000000
2026-08-07T01:19:38.632556+00:00,STRAIGHT_R01,straight,1,command,2.629044944,0.620733761,1.500000000,0.000000000,0.250000000,0.250000000,0.250000000,0.099245466,0.099691348,25,25,2,2,50,0.010771175,0.010771175,0.215423496,0.215423496,0.215423496,0.000000000,0.099623532,-0.001127891,-0.023935944,0.099633367,0.099633367,0.000000000,0.000000000
2026-08-07T01:19:38.685927+00:00,STRAIGHT_R01,straight,1,command,2.682490960,0.674179777,1.500000000,0.000000000,0.250000000,0.250000000,0.250000000,0.099245466,0.099691348,25,25,2,2,50,0.010771175,0.010771175,0.215423496,0.215423496,0.215423496,0.000000000,0.110391622,-0.001385685,-0.023935944,0.110404542,0.110404542,0.000000000,0.000000000
2026-08-07T01:19:38.733458+00:00,STRAIGHT_R01,straight,1,command,2.729267799,0.720956616,1.500000000,0.000000000,0.250000000,0.250000000,0.250000000,0.099245466,0.099691348,25,25,2,2,50,0.010771175,0.010771175,0.215423496,0.215423496,0.215423496,0.000000000,0.121159711,-0.001643478,-0.023935944,0.121175717,0.121175717,0.000000000,0.000000000
2026-08-07T01:19:38.784882+00:00,STRAIGHT_R01,straight,1,command,2.781030036,0.772718853,1.500000000,0.000000000,0.250000000,0.250000000,0.250000000,0.099245466,0.099691348,25,25,2,2,50,0.010771175,0.010771175,0.215423496,0.215423496,0.215423496,0.000000000,0.131927800,-0.001901272,-0.023935944,0.131946891,0.131946891,0.000000000,0.000000000
2026-08-07T01:19:38.833453+00:00,STRAIGHT_R01,straight,1,command,2.830673747,0.822362564,1.500000000,0.000000000,0.250000000,0.250000000,0.250000000,0.099245466,0.099691348,25,25,2,2,50,0.010771175,0.010771175,0.215423496,0.215423496,0.215423496,0.000000000,0.142695890,-0.002159065,-0.023935944,0.142718066,0.142718066,0.000000000,0.000000000
2026-08-07T01:19:38.885875+00:00,STRAIGHT_R01,straight,1,command,2.882473276,0.874162093,1.500000000,0.000000000,0.250000000,0.250000000,0.250000000,0.099245466,0.099691348,25,25,2,2,50,0.010771175,0.010771175,0.215423496,0.215423496,0.215423496,0.000000000,0.153463979,-0.002416859,-0.023935944,0.153489241,0.153489241,0.000000000,0.000000000
2026-08-07T01:19:38.933460+00:00,STRAIGHT_R01,straight,1,command,2.929728821,0.921417638,1.500000000,0.000000000,0.250000000,0.250000000,0.250000000,0.099245466,0.099691348,25,25,2,2,50,0.010771175,0.010771175,0.215423496,0.215423496,0.215423496,0.000000000,0.164232069,-0.002674653,-0.023935944,0.164260416,0.164260416,0.000000000,0.000000000
2026-08-07T01:19:38.981889+00:00,STRAIGHT_R01,straight,1,command,2.979192165,0.970880982,1.500000000,0.000000000,0.250000000,0.250000000,0.250000000,0.099245466,0.099691348,25,25,2,2,50,0.010771175,0.010771175,0.215423496,0.215423496,0.215423496,0.000000000,0.175000158,-0.002932446,-0.023935944,0.175031591,0.175031591,0.000000000,0.000000000
2026-08-07T01:19:39.036131+00:00,STRAIGHT_R01,straight,1,command,3.032673233,1.024362050,1.500000000,0.000000000,0.250000000,0.250000000,0.250000000,0.099245466,0.099691348,25,25,2,2,50,0.010771175,0.010771175,0.215423496,0.215423496,0.215423496,0.000000000,0.185768247,-0.003190240,-0.023935944,0.185802766,0.185802766,0.000000000,0.000000000
2026-08-07T01:19:39.082188+00:00,STRAIGHT_R01,straight,1,command,3.078747249,1.070436066,1.500000000,0.000000000,0.250000000,0.250000000,0.250000000,0.099245466,0.099691348,25,25,2,2,50,0.010771175,0.010771175,0.215423496,0.215423496,0.215423496,0.000000000,0.196536337,-0.003448034,-0.023935944,0.196573940,0.196573940,0.000000000,0.000000000
2026-08-07T01:19:39.135286+00:00,STRAIGHT_R01,straight,1,command,3.132026647,1.123715464,1.500000000,0.000000000,0.250000000,0.250000000,0.250000000,0.099245466,0.099691348,25,25,2,2,50,0.010771175,0.010771175,0.215423496,0.215423496,0.215423496,0.000000000,0.207304426,-0.003705827,-0.023935944,0.207345115,0.207345115,0.000000000,0.000000000
2026-08-07T01:19:39.184901+00:00,STRAIGHT_R01,straight,1,command,3.181125141,1.172813958,1.500000000,0.000000000,0.250000000,0.250000000,0.250000000,0.099245466,0.099691348,25,25,2,2,50,0.010771175,0.010771175,0.215423496,0.215423496,0.215423496,0.000000000,0.218072516,-0.003963621,-0.023935944,0.218116290,0.218116290,0.000000000,0.000000000
2026-08-07T01:19:39.237981+00:00,STRAIGHT_R01,straight,1,command,3.234131515,1.225820332,1.500000000,0.000000000,0.250000000,0.250000000,0.250000000,0.099245466,0.099691348,25,25,3,3,50,0.016156762,0.016156762,0.323135244,0.323135244,0.323135244,0.000000000,0.234224650,-0.004350311,-0.023935944,0.234273052,0.234273052,0.000000000,0.000000000
2026-08-07T01:19:39.286670+00:00,STRAIGHT_R01,straight,1,command,3.272550087,1.264238904,1.500000000,0.000000000,0.250000000,0.250000000,0.250000000,0.099245466,0.099691348,25,25,2,1,50,0.010771175,0.005385587,0.215423496,0.107711748,0.161567622,-0.478718881,0.242297824,-0.004640294,-0.047871888,0.242351433,0.242351433,0.000000000,0.000000000
2026-08-07T01:19:39.334413+00:00,STRAIGHT_R01,straight,1,command,3.322656671,1.314345488,1.500000000,0.000000000,0.250000000,0.250000000,0.250000000,0.099245466,0.099691348,25,25,2,2,50,0.010771175,0.010771175,0.215423496,0.215423496,0.215423496,0.000000000,0.253056659,-0.005155734,-0.047871888,0.253122608,0.253122608,0.000000000,0.000000000
2026-08-07T01:19:39.386777+00:00,STRAIGHT_R01,straight,1,command,3.374119164,1.365807981,1.500000000,0.000000000,0.250000000,0.250000000,0.250000000,0.099245466,0.099691348,25,25,2,3,50,0.010771175,0.016156762,0.215423496,0.323135244,0.269279370,0.478718881,0.266511951,-0.005639039,-0.023935944,0.266586577,0.266586577,0.000000000,0.000000000
2026-08-07T01:19:39.438819+00:00,STRAIGHT_R01,straight,1,command,3.428291286,1.419980103,1.500000000,0.000000000,0.250000000,0.250000000,0.250000000,0.099245466,0.099691348,25,25,2,2,50,0.010771175,0.010771175,0.215423496,0.215423496,0.215423496,0.000000000,0.277280040,-0.005896833,-0.023935944,0.277357751,0.277357751,0.000000000,0.000000000
2026-08-07T01:19:39.490704+00:00,STRAIGHT_R01,straight,1,command,3.479953366,1.471642183,1.500000000,0.000000000,0.250000000,0.250000000,0.250000000,0.099245466,0.099691348,25,25,2,2,50,0.010771175,0.010771175,0.215423496,0.215423496,0.215423496,0.000000000,0.288048129,-0.006154627,-0.023935944,0.288128926,0.288128926,0.000000000,0.000000000
2026-08-07T01:19:39.537572+00:00,STRAIGHT_R01,straight,1,command,3.530420165,1.522108982,1.500000000,0.000000000,0.250000000,0.250000000,0.250000000,0.099245466,0.099691348,25,25,2,2,50,0.010771175,0.010771175,0.215423496,0.215423496,0.215423496,0.000000000,0.298816219,-0.006412420,-0.023935944,0.298900101,0.298900101,0.000000000,0.000000000
2026-08-07T01:19:39.595270+00:00,STRAIGHT_R01,straight,1,command,3.583026896,1.574715713,1.500000000,0.000000000,0.250000000,0.250000000,0.250000000,0.099245466,0.099691348,25,25,2,2,50,0.010771175,0.010771175,0.215423496,0.215423496,0.215423496,0.000000000,0.309584308,-0.006670214,-0.023935944,0.309671276,0.309671276,0.000000000,0.000000000
2026-08-07T01:19:39.633723+00:00,STRAIGHT_R01,straight,1,command,3.629225445,1.620914262,1.500000000,0.000000000,0.250000000,0.250000000,0.250000000,0.099245466,0.099691348,25,25,2,2,50,0.010771175,0.010771175,0.215423496,0.215423496,0.215423496,0.000000000,0.320352398,-0.006928007,-0.023935944,0.320442451,0.320442451,0.000000000,0.000000000
2026-08-07T01:19:39.686475+00:00,STRAIGHT_R01,straight,1,command,3.682881621,1.674570438,1.500000000,0.000000000,0.250000000,0.250000000,0.250000000,0.099245466,0.099691348,25,25,3,2,50,0.016156762,0.010771175,0.323135244,0.215423496,0.269279370,-0.478718881,0.333807689,-0.007411313,-0.047871888,0.333906419,0.333906419,0.000000000,0.000000000
2026-08-07T01:19:39.734277+00:00,STRAIGHT_R01,straight,1,command,3.729488614,1.721177431,1.500000000,0.000000000,0.250000000,0.250000000,0.250000000,0.099245466,0.099691348,25,25,2,2,50,0.010771175,0.010771175,0.215423496,0.215423496,0.215423496,0.000000000,0.344566524,-0.007926752,-0.047871888,0.344677594,0.344677594,0.000000000,0.000000000
2026-08-07T01:19:39.785374+00:00,STRAIGHT_R01,straight,1,command,3.781501220,1.773190037,1.500000000,0.000000000,0.250000000,0.250000000,0.250000000,0.099245466,0.099691348,25,25,2,2,50,0.010771175,0.010771175,0.215423496,0.215423496,0.215423496,0.000000000,0.355325359,-0.008442192,-0.047871888,0.355448769,0.355448769,0.000000000,0.000000000
2026-08-07T01:19:39.832140+00:00,STRAIGHT_R01,straight,1,command,3.828354520,1.820043337,1.500000000,0.000000000,0.250000000,0.250000000,0.250000000,0.099245466,0.099691348,25,25,2,3,50,0.010771175,0.016156762,0.215423496,0.323135244,0.269279370,0.478718881,0.368780650,-0.008925497,-0.023935944,0.368912737,0.368912737,0.000000000,0.000000000
2026-08-07T01:19:39.883400+00:00,STRAIGHT_R01,straight,1,command,3.879840398,1.871529215,1.500000000,0.000000000,0.250000000,0.250000000,0.250000000,0.099245466,0.099691348,25,25,2,2,50,0.010771175,0.010771175,0.215423496,0.215423496,0.215423496,0.000000000,0.379548739,-0.009183291,-0.023935944,0.379683912,0.379683912,0.000000000,0.000000000
2026-08-07T01:19:39.934127+00:00,STRAIGHT_R01,straight,1,command,3.930376573,1.922065390,1.500000000,0.000000000,0.250000000,0.250000000,0.250000000,0.099245466,0.099691348,25,25,2,2,50,0.010771175,0.010771175,0.215423496,0.215423496,0.215423496,0.000000000,0.390316829,-0.009441084,-0.023935944,0.390455087,0.390455087,0.000000000,0.000000000
2026-08-07T01:19:39.985800+00:00,STRAIGHT_R01,straight,1,command,3.982459493,1.974148310,1.500000000,0.000000000,0.250000000,0.250000000,0.250000000,0.099245466,0.099691348,25,25,2,2,50,0.010771175,0.010771175,0.215423496,0.215423496,0.215423496,0.000000000,0.401084918,-0.009698878,-0.023935944,0.401226262,0.401226262,0.000000000,0.000000000
2026-08-07T01:19:40.033597+00:00,STRAIGHT_R01,straight,1,command,4.028716950,2.020405767,1.500000000,0.000000000,0.250000000,0.250000000,0.250000000,0.099245466,0.099691348,25,25,3,2,50,0.016156762,0.010771175,0.323135244,0.215423496,0.269279370,-0.478718881,0.414540210,-0.010182183,-0.047871888,0.414690230,0.414690230,0.000000000,0.000000000
2026-08-07T01:19:40.086033+00:00,STRAIGHT_R01,straight,1,command,4.082115310,2.073804127,1.500000000,0.000000000,0.250000000,0.250000000,0.250000000,0.099245466,0.099691348,25,25,2,2,50,0.010771175,0.010771175,0.215423496,0.215423496,0.215423496,0.000000000,0.425299044,-0.010697623,-0.047871888,0.425461405,0.425461405,0.000000000,0.000000000
2026-08-07T01:19:40.137366+00:00,STRAIGHT_R01,straight,1,command,4.132969772,2.124658589,1.500000000,0.000000000,0.250000000,0.250000000,0.250000000,0.099245466,0.099691348,25,25,2,2,50,0.010771175,0.010771175,0.215423496,0.215423496,0.215423496,0.000000000,0.436057879,-0.011213062,-0.047871888,0.436232580,0.436232580,0.000000000,0.000000000
2026-08-07T01:19:40.185011+00:00,STRAIGHT_R01,straight,1,command,4.180831995,2.172520812,1.500000000,0.000000000,0.250000000,0.250000000,0.250000000,0.099245466,0.099691348,25,25,2,3,50,0.010771175,0.016156762,0.215423496,0.323135244,0.269279370,0.478718881,0.449513171,-0.011696368,-0.023935944,0.449696548,0.449696548,0.000000000,0.000000000
2026-08-07T01:19:40.242229+00:00,STRAIGHT_R01,straight,1,command,4.239427059,2.231115876,1.500000000,0.000000000,0.250000000,0.250000000,0.250000000,0.099245466,0.099691348,25,25,2,2,50,0.010771175,0.010771175,0.215423496,0.215423496,0.215423496,0.000000000,0.460281260,-0.011954161,-0.023935944,0.460467723,0.460467723,0.000000000,0.000000000
2026-08-07T01:19:40.283861+00:00,STRAIGHT_R01,straight,1,command,4.280580834,2.272269651,1.500000000,0.000000000,0.250000000,0.250000000,0.250000000,0.099245466,0.099691348,25,25,3,2,50,0.016156762,0.010771175,0.323135244,0.215423496,0.269279370,-0.478718881,0.473736551,-0.012437467,-0.047871888,0.473931692,0.473931692,0.000000000,0.000000000
2026-08-07T01:19:40.336815+00:00,STRAIGHT_R01,straight,1,command,4.333103086,2.324791903,1.500000000,0.000000000,0.250000000,0.250000000,0.250000000,0.099245466,0.099691348,25,25,2,2,50,0.010771175,0.010771175,0.215423496,0.215423496,0.215423496,0.000000000,0.484495386,-0.012952906,-0.047871888,0.484702867,0.484702867,0.000000000,0.000000000
2026-08-07T01:19:40.382761+00:00,STRAIGHT_R01,straight,1,command,4.370068352,2.361757169,1.500000000,0.000000000,0.250000000,0.250000000,0.250000000,0.099245466,0.099691348,25,25,2,2,50,0.010771175,0.010771175,0.215423496,0.215423496,0.215423496,0.000000000,0.495254221,-0.013468346,-0.047871888,0.495474041,0.495474041,0.000000000,0.000000000
2026-08-07T01:19:40.434698+00:00,STRAIGHT_R01,straight,1,command,4.424183026,2.415871843,1.500000000,0.000000000,0.250000000,0.250000000,0.250000000,0.099245466,0.099691348,25,25,2,2,50,0.010771175,0.010771175,0.215423496,0.215423496,0.215423496,0.000000000,0.506013056,-0.013983785,-0.047871888,0.506245216,0.506245216,0.000000000,0.000000000
2026-08-07T01:19:40.486743+00:00,STRAIGHT_R01,straight,1,command,4.474602950,2.466291767,1.500000000,0.000000000,0.250000000,0.250000000,0.250000000,0.099245466,0.099691348,25,25,2,2,50,0.010771175,0.010771175,0.215423496,0.215423496,0.215423496,0.000000000,0.516771891,-0.014499225,-0.047871888,0.517016391,0.517016391,0.000000000,0.000000000
2026-08-07T01:19:40.542958+00:00,STRAIGHT_R01,straight,1,command,4.528689603,2.520378420,1.500000000,0.000000000,0.250000000,0.250000000,0.250000000,0.099245466,0.099691348,25,25,2,3,50,0.010771175,0.016156762,0.215423496,0.323135244,0.269279370,0.478718881,0.530227182,-0.014982530,-0.023935944,0.530480360,0.530480360,0.000000000,0.000000000
2026-08-07T01:19:40.581845+00:00,STRAIGHT_R01,straight,1,command,4.578414931,2.570103748,1.500000000,0.000000000,0.250000000,0.250000000,0.250000000,0.099245466,0.099691348,25,25,2,2,50,0.010771175,0.010771175,0.215423496,0.215423496,0.215423496,0.000000000,0.540995272,-0.015240324,-0.023935944,0.541251534,0.541251534,0.000000000,0.000000000
2026-08-07T01:19:40.633205+00:00,STRAIGHT_R01,straight,1,command,4.628945169,2.620633986,1.500000000,0.000000000,0.250000000,0.250000000,0.250000000,0.099245466,0.099691348,25,25,3,2,50,0.016156762,0.010771175,0.323135244,0.215423496,0.269279370,-0.478718881,0.554450563,-0.015723629,-0.047871888,0.554715503,0.554715503,0.000000000,0.000000000
2026-08-07T01:19:40.685622+00:00,STRAIGHT_R01,straight,1,command,4.681845969,2.673534786,1.500000000,0.000000000,0.250000000,0.250000000,0.250000000,0.099245466,0.099691348,25,25,2,2,50,0.010771175,0.010771175,0.215423496,0.215423496,0.215423496,0.000000000,0.565209398,-0.016239069,-0.047871888,0.565486678,0.565486678,0.000000000,0.000000000
2026-08-07T01:19:40.732100+00:00,STRAIGHT_R01,straight,1,command,4.728657029,2.720345846,1.500000000,0.000000000,0.250000000,0.250000000,0.250000000,0.099245466,0.099691348,25,25,2,2,50,0.010771175,0.010771175,0.215423496,0.215423496,0.215423496,0.000000000,0.575968233,-0.016754508,-0.047871888,0.576257852,0.576257852,0.000000000,0.000000000
2026-08-07T01:19:40.785932+00:00,STRAIGHT_R01,straight,1,command,4.782438624,2.774127441,1.500000000,0.000000000,0.250000000,0.250000000,0.250000000,0.099245466,0.099691348,25,25,2,3,50,0.010771175,0.016156762,0.215423496,0.323135244,0.269279370,0.478718881,0.589423524,-0.017237814,-0.023935944,0.589721821,0.589721821,0.000000000,0.000000000
2026-08-07T01:19:40.833753+00:00,STRAIGHT_R01,straight,1,command,4.830470851,2.822159668,1.500000000,0.000000000,0.250000000,0.250000000,0.250000000,0.099245466,0.099691348,25,25,2,2,50,0.010771175,0.010771175,0.215423496,0.215423496,0.215423496,0.000000000,0.600191614,-0.017495607,-0.023935944,0.600492996,0.600492996,0.000000000,0.000000000
2026-08-07T01:19:40.887697+00:00,STRAIGHT_R01,straight,1,command,4.883525715,2.875214532,1.500000000,0.000000000,0.250000000,0.250000000,0.250000000,0.099245466,0.099691348,25,25,3,2,50,0.016156762,0.010771175,0.323135244,0.215423496,0.269279370,-0.478718881,0.613646905,-0.017978913,-0.047871888,0.613956964,0.613956964,0.000000000,0.000000000
2026-08-07T01:19:40.936105+00:00,STRAIGHT_R01,straight,1,command,4.932717024,2.924405841,1.500000000,0.000000000,0.250000000,0.250000000,0.250000000,0.099245466,0.099691348,25,25,2,2,50,0.010771175,0.010771175,0.215423496,0.215423496,0.215423496,0.000000000,0.624405740,-0.018494352,-0.047871888,0.624728139,0.624728139,0.000000000,0.000000000
2026-08-07T01:19:40.983644+00:00,STRAIGHT_R01,straight,1,command,4.980410703,2.972099520,1.500000000,0.000000000,0.250000000,0.250000000,0.250000000,0.099245466,0.099691348,25,25,2,2,50,0.010771175,0.010771175,0.215423496,0.215423496,0.215423496,0.000000000,0.635164575,-0.019009792,-0.047871888,0.635499314,0.635499314,0.000000000,0.000000000
2026-08-07T01:19:41.037193+00:00,STRAIGHT_R01,straight,1,command,5.033408588,3.025097405,1.500000000,0.000000000,0.250000000,0.250000000,0.250000000,0.099245466,0.099691348,25,25,2,3,50,0.010771175,0.016156762,0.215423496,0.323135244,0.269279370,0.478718881,0.648619866,-0.019493097,-0.023935944,0.648963282,0.648963282,0.000000000,0.000000000
2026-08-07T01:19:41.085110+00:00,STRAIGHT_R01,straight,1,command,5.081311229,3.073000046,1.500000000,0.000000000,0.250000000,0.250000000,0.250000000,0.099245466,0.099691348,25,25,3,2,50,0.016156762,0.010771175,0.323135244,0.215423496,0.269279370,-0.478718881,0.662075157,-0.019976402,-0.047871888,0.662427251,0.662427251,0.000000000,0.000000000
2026-08-07T01:19:41.137038+00:00,STRAIGHT_R01,straight,1,command,5.133150813,3.124839630,1.500000000,0.000000000,0.250000000,0.250000000,0.250000000,0.099245466,0.099691348,25,25,2,2,50,0.010771175,0.010771175,0.215423496,0.215423496,0.215423496,0.000000000,0.672833992,-0.020491842,-0.047871888,0.673198426,0.673198426,0.000000000,0.000000000
2026-08-07T01:19:41.183154+00:00,STRAIGHT_R01,straight,1,command,5.172315024,3.164003841,1.500000000,0.000000000,0.250000000,0.250000000,0.250000000,0.099245466,0.099691348,25,25,2,2,50,0.010771175,0.010771175,0.215423496,0.215423496,0.215423496,0.000000000,0.683592827,-0.021007282,-0.047871888,0.683969601,0.683969601,0.000000000,0.000000000
2026-08-07T01:19:41.234365+00:00,STRAIGHT_R01,straight,1,command,5.224098722,3.215787539,1.500000000,0.000000000,0.250000000,0.250000000,0.250000000,0.099245466,0.099691348,25,25,2,2,50,0.010771175,0.010771175,0.215423496,0.215423496,0.215423496,0.000000000,0.694351662,-0.021522721,-0.047871888,0.694740775,0.694740775,0.000000000,0.000000000
2026-08-07T01:19:41.291166+00:00,STRAIGHT_R01,straight,1,command,5.277026085,3.268714902,1.500000000,0.000000000,0.250000000,0.250000000,0.250000000,0.099245466,0.099691348,25,25,2,3,50,0.010771175,0.016156762,0.215423496,0.323135244,0.269279370,0.478718881,0.707806954,-0.022006026,-0.023935944,0.708204744,0.708204744,0.000000000,0.000000000
2026-08-07T01:19:41.342757+00:00,STRAIGHT_R01,straight,1,command,5.332081870,3.323770687,1.500000000,0.000000000,0.250000000,0.250000000,0.250000000,0.099245466,0.099691348,25,25,3,2,50,0.016156762,0.010771175,0.323135244,0.215423496,0.269279370,-0.478718881,0.721262245,-0.022489332,-0.047871888,0.721668712,0.721668712,0.000000000,0.000000000
2026-08-07T01:19:41.394679+00:00,STRAIGHT_R01,straight,1,command,5.384252136,3.375940953,1.500000000,0.000000000,0.250000000,0.250000000,0.250000000,0.099245466,0.099691348,25,25,2,2,50,0.010771175,0.010771175,0.215423496,0.215423496,0.215423496,0.000000000,0.732021080,-0.023004771,-0.047871888,0.732439887,0.732439887,0.000000000,0.000000000
2026-08-07T01:19:41.432216+00:00,STRAIGHT_R01,straight,1,command,5.428783731,3.420472548,1.500000000,0.000000000,0.250000000,0.250000000,0.250000000,0.099245466,0.099691348,25,25,2,2,50,0.010771175,0.010771175,0.215423496,0.215423496,0.215423496,0.000000000,0.742779915,-0.023520211,-0.047871888,0.743211062,0.743211062,0.000000000,0.000000000
2026-08-07T01:19:41.486380+00:00,STRAIGHT_R01,straight,1,command,5.482663610,3.474352427,1.500000000,0.000000000,0.250000000,0.250000000,0.250000000,0.099245466,0.099691348,25,25,2,2,50,0.010771175,0.010771175,0.215423496,0.215423496,0.215423496,0.000000000,0.753538750,-0.024035650,-0.047871888,0.753982237,0.753982237,0.000000000,0.000000000
2026-08-07T01:19:41.536057+00:00,STRAIGHT_R01,straight,1,command,5.532670090,3.524358907,1.500000000,0.000000000,0.250000000,0.250000000,0.250000000,0.099245466,0.099691348,25,25,2,3,50,0.010771175,0.016156762,0.215423496,0.323135244,0.269279370,0.478718881,0.766994041,-0.024518956,-0.023935944,0.767446205,0.767446205,0.000000000,0.000000000
2026-08-07T01:19:41.584184+00:00,STRAIGHT_R01,straight,1,command,5.581388995,3.573077812,1.500000000,0.000000000,0.250000000,0.250000000,0.250000000,0.099245466,0.099691348,25,25,3,2,50,0.016156762,0.010771175,0.323135244,0.215423496,0.269279370,-0.478718881,0.780449332,-0.025002261,-0.047871888,0.780910174,0.780910174,0.000000000,0.000000000
2026-08-07T01:19:41.633772+00:00,STRAIGHT_R01,straight,1,command,5.630384104,3.622072921,1.500000000,0.000000000,0.250000000,0.250000000,0.250000000,0.099245466,0.099691348,25,25,2,2,50,0.010771175,0.010771175,0.215423496,0.215423496,0.215423496,0.000000000,0.791208167,-0.025517701,-0.047871888,0.791681349,0.791681349,0.000000000,0.000000000
2026-08-07T01:19:41.685709+00:00,STRAIGHT_R01,straight,1,command,5.681854306,3.673543123,1.500000000,0.000000000,0.250000000,0.250000000,0.250000000,0.099245466,0.099691348,25,25,2,2,50,0.010771175,0.010771175,0.215423496,0.215423496,0.215423496,0.000000000,0.801967002,-0.026033140,-0.047871888,0.802452524,0.802452524,0.000000000,0.000000000
2026-08-07T01:19:41.732143+00:00,STRAIGHT_R01,straight,1,command,5.728709534,3.720398351,1.500000000,0.000000000,0.250000000,0.250000000,0.250000000,0.099245466,0.099691348,25,25,2,2,50,0.010771175,0.010771175,0.215423496,0.215423496,0.215423496,0.000000000,0.812725837,-0.026548580,-0.047871888,0.813223698,0.813223698,0.000000000,0.000000000
2026-08-07T01:19:41.785982+00:00,STRAIGHT_R01,straight,1,command,5.782546600,3.774235417,1.500000000,0.000000000,0.250000000,0.250000000,0.250000000,0.099245466,0.099691348,25,25,2,2,50,0.010771175,0.010771175,0.215423496,0.215423496,0.215423496,0.000000000,0.823484672,-0.027064019,-0.047871888,0.823994873,0.823994873,0.000000000,0.000000000
2026-08-07T01:19:41.832838+00:00,STRAIGHT_R01,straight,1,command,5.829190210,3.820879027,1.500000000,0.000000000,0.250000000,0.250000000,0.250000000,0.099245466,0.099691348,25,25,3,2,50,0.016156762,0.010771175,0.323135244,0.215423496,0.269279370,-0.478718881,0.836924542,-0.027869221,-0.071807832,0.837458842,0.837458842,0.000000000,0.000000000
2026-08-07T01:19:41.882209+00:00,STRAIGHT_R01,straight,1,command,5.878724859,3.870413676,1.500000000,0.000000000,0.250000000,0.250000000,0.250000000,0.099245466,0.099691348,25,25,2,3,50,0.010771175,0.016156762,0.215423496,0.323135244,0.269279370,0.478718881,0.850364411,-0.028674422,-0.047871888,0.850922810,0.850922810,0.000000000,0.000000000
2026-08-07T01:19:41.934098+00:00,STRAIGHT_R01,straight,1,command,5.929845472,3.921534289,1.500000000,0.000000000,0.250000000,0.250000000,0.250000000,0.099245466,0.099691348,25,25,2,2,50,0.010771175,0.010771175,0.215423496,0.215423496,0.215423496,0.000000000,0.861123246,-0.029189861,-0.047871888,0.861693985,0.861693985,0.000000000,0.000000000
2026-08-07T01:19:41.986438+00:00,STRAIGHT_R01,straight,1,command,5.982971484,3.974660301,1.500000000,0.000000000,0.250000000,0.250000000,0.250000000,0.099245466,0.099691348,25,25,2,2,50,0.010771175,0.010771175,0.215423496,0.215423496,0.215423496,0.000000000,0.871882081,-0.029705301,-0.047871888,0.872465160,0.872465160,0.000000000,0.000000000
2026-08-07T01:19:42.032144+00:00,STRAIGHT_R01,straight,1,command,6.028875498,4.020564315,1.500000000,0.000000000,0.250000000,0.250000000,0.250000000,0.099245466,0.099691348,25,25,2,2,50,0.010771175,0.010771175,0.215423496,0.215423496,0.215423496,0.000000000,0.882640916,-0.030220740,-0.047871888,0.883236335,0.883236335,0.000000000,0.000000000
2026-08-07T01:19:42.084757+00:00,STRAIGHT_R01,straight,1,command,6.081281499,4.072970316,1.500000000,0.000000000,0.250000000,0.250000000,0.250000000,0.099245466,0.099691348,25,25,2,2,50,0.010771175,0.010771175,0.215423496,0.215423496,0.215423496,0.000000000,0.893399751,-0.030736180,-0.047871888,0.894007509,0.894007509,0.000000000,0.000000000
2026-08-07T01:19:42.136912+00:00,STRAIGHT_R01,straight,1,command,6.133095823,4.124784640,1.500000000,0.000000000,0.250000000,0.250000000,0.250000000,0.099245466,0.099691348,25,25,3,2,50,0.016156762,0.010771175,0.323135244,0.215423496,0.269279370,-0.478718881,0.906839621,-0.031541381,-0.071807832,0.907471478,0.907471478,0.000000000,0.000000000
2026-08-07T01:19:42.187003+00:00,STRAIGHT_R01,straight,1,command,6.172498632,4.164187449,1.500000000,0.000000000,0.250000000,0.250000000,0.250000000,0.099245466,0.099691348,25,25,2,3,50,0.010771175,0.016156762,0.215423496,0.323135244,0.269279370,0.478718881,0.920279491,-0.032346582,-0.047871888,0.920935446,0.920935446,0.000000000,0.000000000
2026-08-07T01:19:42.234493+00:00,STRAIGHT_R01,straight,1,command,6.223480129,4.215168946,1.500000000,0.000000000,0.250000000,0.250000000,0.250000000,0.099245466,0.099691348,25,25,2,2,50,0.010771175,0.010771175,0.215423496,0.215423496,0.215423496,0.000000000,0.931038326,-0.032862022,-0.047871888,0.931706621,0.931706621,0.000000000,0.000000000
2026-08-07T01:19:42.290505+00:00,STRAIGHT_R01,straight,1,command,6.275964933,4.267653750,1.500000000,0.000000000,0.250000000,0.250000000,0.250000000,0.099245466,0.099691348,25,25,2,2,50,0.010771175,0.010771175,0.215423496,0.215423496,0.215423496,0.000000000,0.941797160,-0.033377462,-0.047871888,0.942477796,0.942477796,0.000000000,0.000000000
2026-08-07T01:19:42.341247+00:00,STRAIGHT_R01,straight,1,command,6.327121069,4.318809886,1.500000000,0.000000000,0.250000000,0.250000000,0.250000000,0.099245466,0.099691348,25,25,2,2,50,0.010771175,0.010771175,0.215423496,0.215423496,0.215423496,0.000000000,0.952555995,-0.033892901,-0.047871888,0.953248971,0.953248971,0.000000000,0.000000000
2026-08-07T01:19:42.395523+00:00,STRAIGHT_R01,straight,1,command,6.382758583,4.374447400,1.500000000,0.000000000,0.250000000,0.250000000,0.250000000,0.099245466,0.099691348,25,25,2,2,50,0.010771175,0.010771175,0.215423496,0.215423496,0.215423496,0.000000000,0.963314830,-0.034408341,-0.047871888,0.964020146,0.964020146,0.000000000,0.000000000
2026-08-07T01:19:42.434574+00:00,STRAIGHT_R01,straight,1,command,6.430979772,4.422668589,1.500000000,0.000000000,0.250000000,0.250000000,0.250000000,0.099245466,0.099691348,25,25,3,2,50,0.016156762,0.010771175,0.323135244,0.215423496,0.269279370,-0.478718881,0.976754700,-0.035213542,-0.071807832,0.977484114,0.977484114,0.000000000,0.000000000
2026-08-07T01:19:42.485184+00:00,STRAIGHT_R01,straight,1,command,6.481149224,4.472838041,1.500000000,0.000000000,0.250000000,0.250000000,0.250000000,0.099245466,0.099691348,25,25,2,2,50,0.010771175,0.010771175,0.215423496,0.215423496,0.215423496,0.000000000,0.987498117,-0.035986332,-0.071807832,0.988255289,0.988255289,0.000000000,0.000000000
2026-08-07T01:19:42.532677+00:00,STRAIGHT_R01,straight,1,command,6.528569983,4.520258800,1.500000000,0.000000000,0.250000000,0.250000000,0.250000000,0.099245466,0.099691348,25,25,2,3,50,0.010771175,0.016156762,0.215423496,0.323135244,0.269279370,0.478718881,1.000937987,-0.036791533,-0.047871888,1.001719258,1.001719258,0.000000000,0.000000000
2026-08-07T01:19:42.582699+00:00,STRAIGHT_R01,straight,1,command,6.579234235,4.570923052,1.500000000,0.000000000,0.250000000,0.250000000,0.250000000,0.099245466,0.099691348,25,25,2,2,50,0.010771175,0.010771175,0.215423496,0.215423496,0.215423496,0.000000000,1.011696821,-0.037306973,-0.047871888,1.012490432,1.012490432,0.000000000,0.000000000
2026-08-07T01:19:42.635667+00:00,STRAIGHT_R01,straight,1,command,6.632266080,4.623954897,1.500000000,0.000000000,0.250000000,0.250000000,0.250000000,0.099245466,0.099691348,25,25,2,2,50,0.010771175,0.010771175,0.215423496,0.215423496,0.215423496,0.000000000,1.022455656,-0.037822412,-0.047871888,1.023261607,1.023261607,0.000000000,0.000000000
2026-08-07T01:19:42.682006+00:00,STRAIGHT_R01,straight,1,command,6.678570362,4.670259179,1.500000000,0.000000000,0.250000000,0.250000000,0.250000000,0.099245466,0.099691348,25,25,2,2,50,0.010771175,0.010771175,0.215423496,0.215423496,0.215423496,0.000000000,1.033214491,-0.038337852,-0.047871888,1.034032782,1.034032782,0.000000000,0.000000000
2026-08-07T01:19:42.734166+00:00,STRAIGHT_R01,straight,1,command,6.730768546,4.722457363,1.500000000,0.000000000,0.250000000,0.250000000,0.250000000,0.099245466,0.099691348,25,25,2,2,50,0.010771175,0.010771175,0.215423496,0.215423496,0.215423496,0.000000000,1.043973326,-0.038853292,-0.047871888,1.044803957,1.044803957,0.000000000,0.000000000
2026-08-07T01:19:42.785665+00:00,STRAIGHT_R01,straight,1,command,6.781759887,4.773448704,1.500000000,0.000000000,0.250000000,0.250000000,0.250000000,0.099245466,0.099691348,25,25,2,2,50,0.010771175,0.010771175,0.215423496,0.215423496,0.215423496,0.000000000,1.054732161,-0.039368731,-0.047871888,1.055575132,1.055575132,0.000000000,0.000000000
2026-08-07T01:19:42.833105+00:00,STRAIGHT_R01,straight,1,command,6.829302419,4.820991236,1.500000000,0.000000000,0.250000000,0.250000000,0.250000000,0.099245466,0.099691348,25,25,2,2,50,0.010771175,0.010771175,0.215423496,0.215423496,0.215423496,0.000000000,1.065490996,-0.039884171,-0.047871888,1.066346306,1.066346306,0.000000000,0.000000000
2026-08-07T01:19:42.887136+00:00,STRAIGHT_R01,straight,1,command,6.883059797,4.874748614,1.500000000,0.000000000,0.250000000,0.250000000,0.250000000,0.099245466,0.099691348,25,25,2,2,50,0.010771175,0.010771175,0.215423496,0.215423496,0.215423496,0.000000000,1.076249831,-0.040399610,-0.047871888,1.077117481,1.077117481,0.000000000,0.000000000
2026-08-07T01:19:42.935552+00:00,STRAIGHT_R01,straight,1,command,6.931997665,4.923686482,1.500000000,0.000000000,0.250000000,0.250000000,0.250000000,0.099245466,0.099691348,25,25,2,2,50,0.010771175,0.010771175,0.215423496,0.215423496,0.215423496,0.000000000,1.087008666,-0.040915050,-0.047871888,1.087888656,1.087888656,0.000000000,0.000000000
2026-08-07T01:19:42.982562+00:00,STRAIGHT_R01,straight,1,command,6.978923416,4.970612233,1.500000000,0.000000000,0.250000000,0.250000000,0.250000000,0.099245466,0.099691348,25,25,2,2,50,0.010771175,0.010771175,0.215423496,0.215423496,0.215423496,0.000000000,1.097767501,-0.041430489,-0.047871888,1.098659831,1.098659831,0.000000000,0.000000000
2026-08-07T01:19:43.035769+00:00,STRAIGHT_R01,straight,1,command,7.032204432,5.023893249,1.500000000,0.000000000,0.250000000,0.250000000,0.250000000,0.099245466,0.099691348,25,25,3,2,50,0.016156762,0.010771175,0.323135244,0.215423496,0.269279370,-0.478718881,1.111207371,-0.042235691,-0.071807832,1.112123799,1.112123799,0.000000000,0.000000000
2026-08-07T01:19:43.082219+00:00,STRAIGHT_R01,straight,1,command,7.078308502,5.069997319,1.500000000,0.000000000,0.250000000,0.250000000,0.250000000,0.099245466,0.099691348,25,25,2,2,50,0.010771175,0.010771175,0.215423496,0.215423496,0.215423496,0.000000000,1.121950787,-0.043008481,-0.071807832,1.122894974,1.122894974,0.000000000,0.000000000
2026-08-07T01:19:43.133061+00:00,STRAIGHT_R01,straight,1,command,7.129061767,5.120750584,1.500000000,0.000000000,0.250000000,0.250000000,0.250000000,0.099245466,0.099691348,25,25,2,2,50,0.010771175,0.010771175,0.215423496,0.215423496,0.215423496,0.000000000,1.132694204,-0.043781271,-0.071807832,1.133666149,1.133666149,0.000000000,0.000000000
2026-08-07T01:19:43.185237+00:00,STRAIGHT_R01,straight,1,command,7.181453028,5.173141845,1.500000000,0.000000000,0.250000000,0.250000000,0.250000000,0.099245466,0.099691348,25,25,1,2,50,0.005385587,0.010771175,0.107711748,0.215423496,0.161567622,0.478718881,1.140758126,-0.044264392,-0.047871888,1.141744530,1.141744530,0.000000000,0.000000000
2026-08-07T01:19:43.238061+00:00,STRAIGHT_R01,straight,1,command,7.224547724,5.216236541,1.500000000,0.000000000,0.250000000,0.250000000,0.250000000,0.099245466,0.099691348,25,25,2,2,50,0.010771175,0.010771175,0.215423496,0.215423496,0.215423496,0.000000000,1.151516961,-0.044779831,-0.047871888,1.152515705,1.152515705,0.000000000,0.000000000
2026-08-07T01:19:43.291010+00:00,STRAIGHT_R01,straight,1,command,7.278060099,5.269748916,1.500000000,0.000000000,0.250000000,0.250000000,0.250000000,0.099245466,0.099691348,25,25,2,2,50,0.010771175,0.010771175,0.215423496,0.215423496,0.215423496,0.000000000,1.162275796,-0.045295271,-0.047871888,1.163286880,1.163286880,0.000000000,0.000000000
2026-08-07T01:19:43.337241+00:00,STRAIGHT_R01,straight,1,command,7.331243093,5.322931910,1.500000000,0.000000000,0.250000000,0.250000000,0.250000000,0.099245466,0.099691348,25,25,2,2,50,0.010771175,0.010771175,0.215423496,0.215423496,0.215423496,0.000000000,1.173034631,-0.045810710,-0.047871888,1.174058055,1.174058055,0.000000000,0.000000000
2026-08-07T01:19:43.394746+00:00,STRAIGHT_R01,straight,1,command,7.384301553,5.375990370,1.500000000,0.000000000,0.250000000,0.250000000,0.250000000,0.099245466,0.099691348,25,25,2,2,50,0.010771175,0.010771175,0.215423496,0.215423496,0.215423496,0.000000000,1.183793466,-0.046326150,-0.047871888,1.184829229,1.184829229,0.000000000,0.000000000
2026-08-07T01:19:43.433919+00:00,STRAIGHT_R01,straight,1,command,7.430479635,5.422168452,1.500000000,0.000000000,0.250000000,0.250000000,0.250000000,0.099245466,0.099691348,25,25,2,1,50,0.010771175,0.005385587,0.215423496,0.107711748,0.161567622,-0.478718881,1.191857387,-0.046809271,-0.071807832,1.192907610,1.192907610,0.000000000,0.000000000
2026-08-07T01:19:43.486125+00:00,STRAIGHT_R01,straight,1,command,7.482597194,5.474286011,1.500000000,0.000000000,0.250000000,0.250000000,0.250000000,0.099245466,0.099691348,25,25,2,2,50,0.010771175,0.010771175,0.215423496,0.215423496,0.215423496,0.000000000,1.202600804,-0.047582061,-0.071807832,1.203678785,1.203678785,0.000000000,0.000000000
2026-08-07T01:19:43.536039+00:00,STRAIGHT_R01,straight,1,command,7.533315771,5.525004588,1.500000000,0.000000000,0.250000000,0.250000000,0.250000000,0.099245466,0.099691348,25,25,2,2,50,0.010771175,0.010771175,0.215423496,0.215423496,0.215423496,0.000000000,1.213344221,-0.048354851,-0.071807832,1.214449960,1.214449960,0.000000000,0.000000000
2026-08-07T01:19:43.582320+00:00,STRAIGHT_R01,straight,1,command,7.578865769,5.570554586,1.500000000,0.000000000,0.250000000,0.250000000,0.250000000,0.099245466,0.099691348,25,25,2,2,50,0.010771175,0.010771175,0.215423496,0.215423496,0.215423496,0.000000000,1.224087637,-0.049127641,-0.071807832,1.225221135,1.225221135,0.000000000,0.000000000
2026-08-07T01:19:43.634871+00:00,STRAIGHT_R01,straight,1,command,7.631385054,5.623073871,1.500000000,0.000000000,0.250000000,0.250000000,0.250000000,0.099245466,0.099691348,25,25,2,2,50,0.010771175,0.010771175,0.215423496,0.215423496,0.215423496,0.000000000,1.234831054,-0.049900431,-0.071807832,1.235992310,1.235992310,0.000000000,0.000000000
2026-08-07T01:19:43.686187+00:00,STRAIGHT_R01,straight,1,command,7.682272175,5.673960992,1.500000000,0.000000000,0.250000000,0.250000000,0.250000000,0.099245466,0.099691348,25,25,2,2,50,0.010771175,0.010771175,0.215423496,0.215423496,0.215423496,0.000000000,1.245574471,-0.050673221,-0.071807832,1.246763485,1.246763485,0.000000000,0.000000000
2026-08-07T01:19:43.732123+00:00,STRAIGHT_R01,straight,1,command,7.728683282,5.720372099,1.500000000,0.000000000,0.250000000,0.250000000,0.250000000,0.099245466,0.099691348,25,25,2,2,50,0.010771175,0.010771175,0.215423496,0.215423496,0.215423496,0.000000000,1.256317888,-0.051446012,-0.071807832,1.257534659,1.257534659,0.000000000,0.000000000
2026-08-07T01:19:43.784025+00:00,STRAIGHT_R01,straight,1,command,7.780609379,5.772298196,1.500000000,0.000000000,0.250000000,0.250000000,0.250000000,0.099245466,0.099691348,25,25,2,2,50,0.010771175,0.010771175,0.215423496,0.215423496,0.215423496,0.000000000,1.267061304,-0.052218802,-0.071807832,1.268305834,1.268305834,0.000000000,0.000000000
2026-08-07T01:19:43.835812+00:00,STRAIGHT_R01,straight,1,command,7.832437037,5.824125854,1.500000000,0.000000000,0.250000000,0.250000000,0.250000000,0.099245466,0.099691348,25,25,2,2,50,0.010771175,0.010771175,0.215423496,0.215423496,0.215423496,0.000000000,1.277804721,-0.052991592,-0.071807832,1.279077009,1.279077009,0.000000000,0.000000000
2026-08-07T01:19:43.882058+00:00,STRAIGHT_R01,straight,1,command,7.879263880,5.870952697,1.500000000,0.000000000,0.250000000,0.250000000,0.250000000,0.099245466,0.099691348,25,25,2,2,50,0.010771175,0.010771175,0.215423496,0.215423496,0.215423496,0.000000000,1.288548138,-0.053764382,-0.071807832,1.289848184,1.289848184,0.000000000,0.000000000
2026-08-07T01:19:43.933503+00:00,STRAIGHT_R01,straight,1,command,7.929860528,5.921549345,1.500000000,0.000000000,0.250000000,0.250000000,0.250000000,0.099245466,0.099691348,25,25,2,2,50,0.010771175,0.010771175,0.215423496,0.215423496,0.215423496,0.000000000,1.299291554,-0.054537172,-0.071807832,1.300619359,1.300619359,0.000000000,0.000000000
2026-08-07T01:19:43.986658+00:00,STRAIGHT_R01,straight,1,command,7.983135450,5.974824267,1.500000000,0.000000000,0.250000000,0.250000000,0.250000000,0.099245466,0.099691348,25,25,2,2,50,0.010771175,0.010771175,0.215423496,0.215423496,0.215423496,0.000000000,1.310034971,-0.055309963,-0.071807832,1.311390533,1.311390533,0.000000000,0.000000000
2026-08-07T01:19:44.033870+00:00,STRAIGHT_R01,straight,1,command,8.030493657,6.022182474,1.500000000,0.000000000,0.250000000,0.250000000,0.250000000,0.099245466,0.099691348,25,25,2,2,50,0.010771175,0.010771175,0.215423496,0.215423496,0.215423496,0.000000000,1.320778388,-0.056082753,-0.071807832,1.322161708,1.322161708,0.000000000,0.000000000
2026-08-07T01:19:44.082864+00:00,STRAIGHT_R01,straight,1,command,8.069812924,6.061501741,1.500000000,0.000000000,0.250000000,0.250000000,0.250000000,0.099245466,0.099691348,25,25,1,1,50,0.005385587,0.005385587,0.107711748,0.107711748,0.107711748,0.000000000,1.326150096,-0.056469148,-0.071807832,1.327547296,1.327547296,0.000000000,0.000000000
2026-08-07T01:19:44.137010+00:00,STRAIGHT_R01,straight,1,command,8.133181927,6.124870744,1.500000000,0.000000000,0.250000000,0.250000000,0.250000000,0.099245466,0.099691348,25,25,2,2,50,0.010771175,0.010771175,0.215423496,0.215423496,0.215423496,0.000000000,1.336893513,-0.057241938,-0.071807832,1.338318470,1.338318470,0.000000000,0.000000000
2026-08-07T01:19:44.190728+00:00,STRAIGHT_R01,straight,1,command,8.178094936,6.169783753,1.500000000,0.000000000,0.250000000,0.250000000,0.250000000,0.099245466,0.099691348,25,25,2,2,50,0.010771175,0.010771175,0.215423496,0.215423496,0.215423496,0.000000000,1.347636929,-0.058014728,-0.071807832,1.349089645,1.349089645,0.000000000,0.000000000
2026-08-07T01:19:44.242588+00:00,STRAIGHT_R01,straight,1,command,8.232158883,6.223847700,1.500000000,0.000000000,0.250000000,0.250000000,0.250000000,0.099245466,0.099691348,25,25,2,2,50,0.010771175,0.010771175,0.215423496,0.215423496,0.215423496,0.000000000,1.358380346,-0.058787518,-0.071807832,1.359860820,1.359860820,0.000000000,0.000000000
2026-08-07T01:19:44.282246+00:00,STRAIGHT_R01,straight,1,command,8.278796192,6.270485009,1.500000000,0.000000000,0.250000000,0.250000000,0.250000000,0.099245466,0.099691348,25,25,2,2,50,0.010771175,0.010771175,0.215423496,0.215423496,0.215423496,0.000000000,1.369123763,-0.059560309,-0.071807832,1.370631995,1.370631995,0.000000000,0.000000000
2026-08-07T01:19:44.334775+00:00,STRAIGHT_R01,straight,1,command,8.331275320,6.322964137,1.500000000,0.000000000,0.250000000,0.250000000,0.250000000,0.099245466,0.099691348,25,25,2,2,50,0.010771175,0.010771175,0.215423496,0.215423496,0.215423496,0.000000000,1.379867179,-0.060333099,-0.071807832,1.381403170,1.381403170,0.000000000,0.000000000
2026-08-07T01:19:44.386463+00:00,STRAIGHT_R01,straight,1,command,8.383023915,6.374712732,1.500000000,0.000000000,0.250000000,0.250000000,0.250000000,0.099245466,0.099691348,25,25,2,2,50,0.010771175,0.010771175,0.215423496,0.215423496,0.215423496,0.000000000,1.390610596,-0.061105889,-0.071807832,1.392174344,1.392174344,0.000000000,0.000000000
2026-08-07T01:19:44.437480+00:00,STRAIGHT_R01,straight,1,command,8.433513322,6.425202139,1.500000000,0.000000000,0.250000000,0.250000000,0.250000000,0.099245466,0.099691348,25,25,2,2,50,0.010771175,0.010771175,0.215423496,0.215423496,0.215423496,0.000000000,1.401354013,-0.061878679,-0.071807832,1.402945519,1.402945519,0.000000000,0.000000000
2026-08-07T01:19:44.485848+00:00,STRAIGHT_R01,straight,1,command,8.482085508,6.473774325,1.500000000,0.000000000,0.250000000,0.250000000,0.250000000,0.099245466,0.099691348,25,25,2,2,50,0.010771175,0.010771175,0.215423496,0.215423496,0.215423496,0.000000000,1.412097430,-0.062651469,-0.071807832,1.413716694,1.413716694,0.000000000,0.000000000
2026-08-07T01:19:44.532012+00:00,STRAIGHT_R01,straight,1,command,8.528580159,6.520268976,1.500000000,0.000000000,0.250000000,0.250000000,0.250000000,0.099245466,0.099691348,25,25,2,2,50,0.010771175,0.010771175,0.215423496,0.215423496,0.215423496,0.000000000,1.422840846,-0.063424259,-0.071807832,1.424487869,1.424487869,0.000000000,0.000000000
2026-08-07T01:19:44.585806+00:00,STRAIGHT_R01,straight,1,command,8.582422019,6.574110836,1.500000000,0.000000000,0.250000000,0.250000000,0.250000000,0.099245466,0.099691348,25,25,2,2,50,0.010771175,0.010771175,0.215423496,0.215423496,0.215423496,0.000000000,1.433584263,-0.064197050,-0.071807832,1.435259044,1.435259044,0.000000000,0.000000000
2026-08-07T01:19:44.633014+00:00,STRAIGHT_R01,straight,1,command,8.629104954,6.620793771,1.500000000,0.000000000,0.250000000,0.250000000,0.250000000,0.099245466,0.099691348,25,25,2,2,50,0.010771175,0.010771175,0.215423496,0.215423496,0.215423496,0.000000000,1.444327680,-0.064969840,-0.071807832,1.446030219,1.446030219,0.000000000,0.000000000
2026-08-07T01:19:44.685757+00:00,STRAIGHT_R01,straight,1,command,8.682006017,6.673694834,1.500000000,0.000000000,0.250000000,0.250000000,0.250000000,0.099245466,0.099691348,25,25,2,2,50,0.010771175,0.010771175,0.215423496,0.215423496,0.215423496,0.000000000,1.455071096,-0.065742630,-0.071807832,1.456801393,1.456801393,0.000000000,0.000000000
2026-08-07T01:19:44.733916+00:00,STRAIGHT_R01,straight,1,command,8.730646485,6.722335302,1.500000000,0.000000000,0.250000000,0.250000000,0.250000000,0.099245466,0.099691348,25,25,2,2,50,0.010771175,0.010771175,0.215423496,0.215423496,0.215423496,0.000000000,1.465814513,-0.066515420,-0.071807832,1.467572568,1.467572568,0.000000000,0.000000000
2026-08-07T01:19:44.786305+00:00,STRAIGHT_R01,straight,1,command,8.782849880,6.774538697,1.500000000,0.000000000,0.250000000,0.250000000,0.250000000,0.099245466,0.099691348,25,25,2,2,50,0.010771175,0.010771175,0.215423496,0.215423496,0.215423496,0.000000000,1.476557930,-0.067288210,-0.071807832,1.478343743,1.478343743,0.000000000,0.000000000
2026-08-07T01:19:44.832055+00:00,STRAIGHT_R01,straight,1,command,8.828805250,6.820494067,1.500000000,0.000000000,0.250000000,0.250000000,0.250000000,0.099245466,0.099691348,25,25,2,2,50,0.010771175,0.010771175,0.215423496,0.215423496,0.215423496,0.000000000,1.487301346,-0.068061001,-0.071807832,1.489114918,1.489114918,0.000000000,0.000000000
2026-08-07T01:19:44.885383+00:00,STRAIGHT_R01,straight,1,command,8.881205679,6.872894496,1.500000000,0.000000000,0.250000000,0.250000000,0.250000000,0.099245466,0.099691348,25,25,2,2,50,0.010771175,0.010771175,0.215423496,0.215423496,0.215423496,0.000000000,1.498044763,-0.068833791,-0.071807832,1.499886093,1.499886093,0.000000000,0.000000000
2026-08-07T01:19:44.938681+00:00,STRAIGHT_R01,straight,1,command,8.924331158,6.916019975,1.500000000,0.000000000,0.250000000,0.250000000,0.250000000,0.099245466,0.099691348,25,25,2,2,50,0.010771175,0.010771175,0.215423496,0.215423496,0.215423496,0.000000000,1.508788180,-0.069606581,-0.071807832,1.510657267,1.500000000,0.000000000,0.000000000
2026-08-07T01:19:45.169616+00:00,STRAIGHT_R01,straight,1,post_stop,9.162888320,0.111461494,1.500000000,0.000000000,0.250000000,0.250000000,0.250000000,0.000000000,0.000000000,0,0,2,2,50,0.010771175,0.010771175,0.215423496,0.215423496,0.215423496,0.000000000,1.519531596,-0.070379371,-0.071807832,1.521428442,1.500000000,0.000000000,0.000000000
2026-08-07T01:19:45.172237+00:00,STRAIGHT_R01,straight,1,post_stop,9.162888320,0.111461494,1.500000000,0.000000000,0.250000000,0.250000000,0.250000000,0.000000000,0.000000000,0,0,1,1,50,0.005385587,0.005385587,0.107711748,0.107711748,0.107711748,0.000000000,1.524903305,-0.070765766,-0.071807832,1.526814030,1.500000000,0.000000000,0.000000000
2026-08-07T01:19:45.173863+00:00,STRAIGHT_R01,straight,1,post_stop,9.162888320,0.111461494,1.500000000,0.000000000,0.250000000,0.250000000,0.250000000,0.000000000,0.000000000,0,0,2,1,50,0.010771175,0.005385587,0.215423496,0.107711748,0.161567622,-0.478718881,1.532953354,-0.071441748,-0.095743776,1.534892411,1.500000000,0.000000000,0.000000000
2026-08-07T01:19:45.175017+00:00,STRAIGHT_R01,straight,1,post_stop,9.162888320,0.111461494,1.500000000,0.000000000,0.250000000,0.250000000,0.250000000,0.000000000,0.000000000,0,0,1,2,50,0.005385587,0.010771175,0.107711748,0.215423496,0.161567622,0.478718881,1.541003403,-0.072117729,-0.071807832,1.542970792,1.500000000,0.000000000,0.000000000
2026-08-07T01:19:45.181588+00:00,STRAIGHT_R01,straight,1,post_stop,9.178960783,0.127533957,1.500000000,0.000000000,0.250000000,0.250000000,0.250000000,0.000000000,0.000000000,0,0,1,1,50,0.005385587,0.005385587,0.107711748,0.107711748,0.107711748,0.000000000,1.546375111,-0.072504124,-0.071807832,1.548356379,1.500000000,0.000000000,0.000000000
2026-08-07T01:19:45.234876+00:00,STRAIGHT_R01,straight,1,post_stop,9.231485017,0.180058191,1.500000000,0.000000000,0.250000000,0.250000000,0.250000000,0.000000000,0.000000000,0,0,0,0,50,0.000000000,0.000000000,0.000000000,0.000000000,0.000000000,0.000000000,1.546375111,-0.072504124,-0.071807832,1.548356379,1.500000000,0.000000000,0.000000000
2026-08-07T01:19:45.282031+00:00,STRAIGHT_R01,straight,1,post_stop,9.278521292,0.227094466,1.500000000,0.000000000,0.250000000,0.250000000,0.250000000,0.000000000,0.000000000,0,0,1,1,50,0.005385587,0.005385587,0.107711748,0.107711748,0.107711748,0.000000000,1.551746820,-0.072890519,-0.071807832,1.553741967,1.500000000,0.000000000,0.000000000
2026-08-07T01:19:45.332604+00:00,STRAIGHT_R01,straight,1,post_stop,9.329264141,0.277837315,1.500000000,0.000000000,0.250000000,0.250000000,0.250000000,0.000000000,0.000000000,0,0,0,0,50,0.000000000,0.000000000,0.000000000,0.000000000,0.000000000,0.000000000,1.551746820,-0.072890519,-0.071807832,1.553741967,1.500000000,0.000000000,0.000000000
2026-08-07T01:19:45.382716+00:00,STRAIGHT_R01,straight,1,post_stop,9.380266109,0.328839283,1.500000000,0.000000000,0.250000000,0.250000000,0.250000000,0.000000000,0.000000000,0,0,0,0,50,0.000000000,0.000000000,0.000000000,0.000000000,0.000000000,0.000000000,1.551746820,-0.072890519,-0.071807832,1.553741967,1.500000000,0.000000000,0.000000000
2026-08-07T01:19:45.433078+00:00,STRAIGHT_R01,straight,1,post_stop,9.429499558,0.378072732,1.500000000,0.000000000,0.250000000,0.250000000,0.250000000,0.000000000,0.000000000,0,0,0,0,50,0.000000000,0.000000000,0.000000000,0.000000000,0.000000000,0.000000000,1.551746820,-0.072890519,-0.071807832,1.553741967,1.500000000,0.000000000,0.000000000
2026-08-07T01:19:45.485843+00:00,STRAIGHT_R01,straight,1,post_stop,9.480762416,0.429335590,1.500000000,0.000000000,0.250000000,0.250000000,0.250000000,0.000000000,0.000000000,0,0,0,0,50,0.000000000,0.000000000,0.000000000,0.000000000,0.000000000,0.000000000,1.551746820,-0.072890519,-0.071807832,1.553741967,1.500000000,0.000000000,0.000000000
2026-08-07T01:19:45.531818+00:00,STRAIGHT_R01,straight,1,post_stop,9.528307710,0.476880884,1.500000000,0.000000000,0.250000000,0.250000000,0.250000000,0.000000000,0.000000000,0,0,0,0,50,0.000000000,0.000000000,0.000000000,0.000000000,0.000000000,0.000000000,1.551746820,-0.072890519,-0.071807832,1.553741967,1.500000000,0.000000000,0.000000000
2026-08-07T01:19:45.583368+00:00,STRAIGHT_R01,straight,1,post_stop,9.580097609,0.528670783,1.500000000,0.000000000,0.250000000,0.250000000,0.250000000,0.000000000,0.000000000,0,0,0,0,50,0.000000000,0.000000000,0.000000000,0.000000000,0.000000000,0.000000000,1.551746820,-0.072890519,-0.071807832,1.553741967,1.500000000,0.000000000,0.000000000
2026-08-07T01:19:45.634142+00:00,STRAIGHT_R01,straight,1,post_stop,9.630690611,0.579263785,1.500000000,0.000000000,0.250000000,0.250000000,0.250000000,0.000000000,0.000000000,0,0,0,0,50,0.000000000,0.000000000,0.000000000,0.000000000,0.000000000,0.000000000,1.551746820,-0.072890519,-0.071807832,1.553741967,1.500000000,0.000000000,0.000000000
2026-08-07T01:19:45.686149+00:00,STRAIGHT_R01,straight,1,post_stop,9.682732077,0.631305251,1.500000000,0.000000000,0.250000000,0.250000000,0.250000000,0.000000000,0.000000000,0,0,0,0,50,0.000000000,0.000000000,0.000000000,0.000000000,0.000000000,0.000000000,1.551746820,-0.072890519,-0.071807832,1.553741967,1.500000000,0.000000000,0.000000000
2026-08-07T01:19:45.731662+00:00,STRAIGHT_R01,straight,1,post_stop,9.728241763,0.676814937,1.500000000,0.000000000,0.250000000,0.250000000,0.250000000,0.000000000,0.000000000,0,0,0,0,50,0.000000000,0.000000000,0.000000000,0.000000000,0.000000000,0.000000000,1.551746820,-0.072890519,-0.071807832,1.553741967,1.500000000,0.000000000,0.000000000
2026-08-07T01:19:45.785456+00:00,STRAIGHT_R01,straight,1,post_stop,9.782092478,0.730665652,1.500000000,0.000000000,0.250000000,0.250000000,0.250000000,0.000000000,0.000000000,0,0,0,0,50,0.000000000,0.000000000,0.000000000,0.000000000,0.000000000,0.000000000,1.551746820,-0.072890519,-0.071807832,1.553741967,1.500000000,0.000000000,0.000000000
2026-08-07T01:19:45.835481+00:00,STRAIGHT_R01,straight,1,post_stop,9.832080366,0.780653540,1.500000000,0.000000000,0.250000000,0.250000000,0.250000000,0.000000000,0.000000000,0,0,0,0,50,0.000000000,0.000000000,0.000000000,0.000000000,0.000000000,0.000000000,1.551746820,-0.072890519,-0.071807832,1.553741967,1.500000000,0.000000000,0.000000000
2026-08-07T01:19:45.882108+00:00,STRAIGHT_R01,straight,1,post_stop,9.878682520,0.827255694,1.500000000,0.000000000,0.250000000,0.250000000,0.250000000,0.000000000,0.000000000,0,0,0,0,50,0.000000000,0.000000000,0.000000000,0.000000000,0.000000000,0.000000000,1.551746820,-0.072890519,-0.071807832,1.553741967,1.500000000,0.000000000,0.000000000
2026-08-07T01:19:45.932162+00:00,STRAIGHT_R01,straight,1,post_stop,9.928693221,0.877266395,1.500000000,0.000000000,0.250000000,0.250000000,0.250000000,0.000000000,0.000000000,0,0,0,0,50,0.000000000,0.000000000,0.000000000,0.000000000,0.000000000,0.000000000,1.551746820,-0.072890519,-0.071807832,1.553741967,1.500000000,0.000000000,0.000000000
2026-08-07T01:19:45.983993+00:00,STRAIGHT_R01,straight,1,post_stop,9.980589996,0.929163170,1.500000000,0.000000000,0.250000000,0.250000000,0.250000000,0.000000000,0.000000000,0,0,0,0,50,0.000000000,0.000000000,0.000000000,0.000000000,0.000000000,0.000000000,1.551746820,-0.072890519,-0.071807832,1.553741967,1.500000000,0.000000000,0.000000000
2026-08-07T01:19:46.036151+00:00,STRAIGHT_R01,straight,1,post_stop,10.032862976,0.981436150,1.500000000,0.000000000,0.250000000,0.250000000,0.250000000,0.000000000,0.000000000,0,0,0,0,50,0.000000000,0.000000000,0.000000000,0.000000000,0.000000000,0.000000000,1.551746820,-0.072890519,-0.071807832,1.553741967,1.500000000,0.000000000,0.000000000
2026-08-07T01:19:46.081862+00:00,STRAIGHT_R01,straight,1,post_stop,10.078668658,1.027241832,1.500000000,0.000000000,0.250000000,0.250000000,0.250000000,0.000000000,0.000000000,0,0,0,0,50,0.000000000,0.000000000,0.000000000,0.000000000,0.000000000,0.000000000,1.551746820,-0.072890519,-0.071807832,1.553741967,1.500000000,0.000000000,0.000000000
2026-08-07T01:19:46.133842+00:00,STRAIGHT_R01,straight,1,post_stop,10.130456838,1.079030012,1.500000000,0.000000000,0.250000000,0.250000000,0.250000000,0.000000000,0.000000000,0,0,0,0,50,0.000000000,0.000000000,0.000000000,0.000000000,0.000000000,0.000000000,1.551746820,-0.072890519,-0.071807832,1.553741967,1.500000000,0.000000000,0.000000000
2026-08-07T01:19:46.186078+00:00,STRAIGHT_R01,straight,1,post_stop,10.182361895,1.130935069,1.500000000,0.000000000,0.250000000,0.250000000,0.250000000,0.000000000,0.000000000,0,0,0,0,50,0.000000000,0.000000000,0.000000000,0.000000000,0.000000000,0.000000000,1.551746820,-0.072890519,-0.071807832,1.553741967,1.500000000,0.000000000,0.000000000
2026-08-07T01:19:46.236773+00:00,STRAIGHT_R01,straight,1,post_stop,10.232929378,1.181502552,1.500000000,0.000000000,0.250000000,0.250000000,0.250000000,0.000000000,0.000000000,0,0,0,0,50,0.000000000,0.000000000,0.000000000,0.000000000,0.000000000,0.000000000,1.551746820,-0.072890519,-0.071807832,1.553741967,1.500000000,0.000000000,0.000000000
2026-08-07T01:19:46.282495+00:00,STRAIGHT_R01,straight,1,post_stop,10.279175223,1.227748397,1.500000000,0.000000000,0.250000000,0.250000000,0.250000000,0.000000000,0.000000000,0,0,0,0,50,0.000000000,0.000000000,0.000000000,0.000000000,0.000000000,0.000000000,1.551746820,-0.072890519,-0.071807832,1.553741967,1.500000000,0.000000000,0.000000000
2026-08-07T01:19:46.335493+00:00,STRAIGHT_R01,straight,1,post_stop,10.332085871,1.280659045,1.500000000,0.000000000,0.250000000,0.250000000,0.250000000,0.000000000,0.000000000,0,0,0,0,50,0.000000000,0.000000000,0.000000000,0.000000000,0.000000000,0.000000000,1.551746820,-0.072890519,-0.071807832,1.553741967,1.500000000,0.000000000,0.000000000
2026-08-07T01:19:46.383230+00:00,STRAIGHT_R01,straight,1,post_stop,10.379895024,1.328468198,1.500000000,0.000000000,0.250000000,0.250000000,0.250000000,0.000000000,0.000000000,0,0,0,0,50,0.000000000,0.000000000,0.000000000,0.000000000,0.000000000,0.000000000,1.551746820,-0.072890519,-0.071807832,1.553741967,1.500000000,0.000000000,0.000000000
2026-08-07T01:19:46.435466+00:00,STRAIGHT_R01,straight,1,post_stop,10.432074409,1.380647583,1.500000000,0.000000000,0.250000000,0.250000000,0.250000000,0.000000000,0.000000000,0,0,0,0,50,0.000000000,0.000000000,0.000000000,0.000000000,0.000000000,0.000000000,1.551746820,-0.072890519,-0.071807832,1.553741967,1.500000000,0.000000000,0.000000000
2026-08-07T01:19:46.482569+00:00,STRAIGHT_R01,straight,1,post_stop,10.478704949,1.427278123,1.500000000,0.000000000,0.250000000,0.250000000,0.250000000,0.000000000,0.000000000,0,0,0,0,50,0.000000000,0.000000000,0.000000000,0.000000000,0.000000000,0.000000000,1.551746820,-0.072890519,-0.071807832,1.553741967,1.500000000,0.000000000,0.000000000
2026-08-07T01:19:46.534071+00:00,STRAIGHT_R01,straight,1,post_stop,10.530625944,1.479199118,1.500000000,0.000000000,0.250000000,0.250000000,0.250000000,0.000000000,0.000000000,0,0,0,0,50,0.000000000,0.000000000,0.000000000,0.000000000,0.000000000,0.000000000,1.551746820,-0.072890519,-0.071807832,1.553741967,1.500000000,0.000000000,0.000000000
2026-08-07T01:19:46.581992+00:00,STRAIGHT_R01,straight,1,post_stop,10.576246102,1.524819276,1.500000000,0.000000000,0.250000000,0.250000000,0.250000000,0.000000000,0.000000000,0,0,0,0,50,0.000000000,0.000000000,0.000000000,0.000000000,0.000000000,0.000000000,1.551746820,-0.072890519,-0.071807832,1.553741967,1.500000000,0.000000000,0.000000000
2026-08-07T01:19:46.633699+00:00,STRAIGHT_R01,straight,1,post_stop,10.628595333,1.577168507,1.500000000,0.000000000,0.250000000,0.250000000,0.250000000,0.000000000,0.000000000,0,0,0,0,50,0.000000000,0.000000000,0.000000000,0.000000000,0.000000000,0.000000000,1.551746820,-0.072890519,-0.071807832,1.553741967,1.500000000,0.000000000,0.000000000
2026-08-07T01:19:46.685043+00:00,STRAIGHT_R01,straight,1,post_stop,10.679700585,1.628273759,1.500000000,0.000000000,0.250000000,0.250000000,0.250000000,0.000000000,0.000000000,0,0,0,0,50,0.000000000,0.000000000,0.000000000,0.000000000,0.000000000,0.000000000,1.551746820,-0.072890519,-0.071807832,1.553741967,1.500000000,0.000000000,0.000000000
2026-08-07T01:19:46.737247+00:00,STRAIGHT_R01,straight,1,post_stop,10.731848720,1.680421894,1.500000000,0.000000000,0.250000000,0.250000000,0.250000000,0.000000000,0.000000000,0,0,0,0,50,0.000000000,0.000000000,0.000000000,0.000000000,0.000000000,0.000000000,1.551746820,-0.072890519,-0.071807832,1.553741967,1.500000000,0.000000000,0.000000000
2026-08-07T01:19:46.782434+00:00,STRAIGHT_R01,straight,1,post_stop,10.778967393,1.727540567,1.500000000,0.000000000,0.250000000,0.250000000,0.250000000,0.000000000,0.000000000,0,0,0,0,50,0.000000000,0.000000000,0.000000000,0.000000000,0.000000000,0.000000000,1.551746820,-0.072890519,-0.071807832,1.553741967,1.500000000,0.000000000,0.000000000
2026-08-07T01:19:46.835263+00:00,STRAIGHT_R01,straight,1,post_stop,10.831977313,1.780550487,1.500000000,0.000000000,0.250000000,0.250000000,0.250000000,0.000000000,0.000000000,0,0,0,0,50,0.000000000,0.000000000,0.000000000,0.000000000,0.000000000,0.000000000,1.551746820,-0.072890519,-0.071807832,1.553741967,1.500000000,0.000000000,0.000000000
2026-08-07T01:19:46.886047+00:00,STRAIGHT_R01,straight,1,post_stop,10.882669693,1.831242867,1.500000000,0.000000000,0.250000000,0.250000000,0.250000000,0.000000000,0.000000000,0,0,0,0,50,0.000000000,0.000000000,0.000000000,0.000000000,0.000000000,0.000000000,1.551746820,-0.072890519,-0.071807832,1.553741967,1.500000000,0.000000000,0.000000000
2026-08-07T01:19:46.934835+00:00,STRAIGHT_R01,straight,1,post_stop,10.932108406,1.880681580,1.500000000,0.000000000,0.250000000,0.250000000,0.250000000,0.000000000,0.000000000,0,0,0,0,50,0.000000000,0.000000000,0.000000000,0.000000000,0.000000000,0.000000000,1.551746820,-0.072890519,-0.071807832,1.553741967,1.500000000,0.000000000,0.000000000
2026-08-07T01:19:46.982287+00:00,STRAIGHT_R01,straight,1,post_stop,10.978989627,1.927562801,1.500000000,0.000000000,0.250000000,0.250000000,0.250000000,0.000000000,0.000000000,0,0,0,0,50,0.000000000,0.000000000,0.000000000,0.000000000,0.000000000,0.000000000,1.551746820,-0.072890519,-0.071807832,1.553741967,1.500000000,0.000000000,0.000000000
2026-08-07T01:19:47.034201+00:00,STRAIGHT_R01,straight,1,post_stop,11.030710411,1.979283585,1.500000000,0.000000000,0.250000000,0.250000000,0.250000000,0.000000000,0.000000000,0,0,0,0,50,0.000000000,0.000000000,0.000000000,0.000000000,0.000000000,0.000000000,1.551746820,-0.072890519,-0.071807832,1.553741967,1.500000000,0.000000000,0.000000000
